Workbook

Sheet CHAN
A1: CHAN | B1: =SUM(E$2:Z$2) -> 2 | D1: element of the type fluid | E1: 1 | F1: 2
D2: row used to get the correct number of channel objects in cell B1 as the sum of values in this row starting from cell D2 | E2: =IF(E$1 > 0,1,0) -> 1 | F2: =IF(F$1 > 0,1,0) -> 1
A3: =[1]TRANSIENT!A$2 -> Variable name | B3: =[1]TRANSIENT!B$2 -> Unit | C3: =[1]TRANSIENT!C$2 -> Variable type | D3: =[1]TRANSIENT!D$2 -> Note/comments | E3: =_xlfn.TEXTJOIN("_",,$A$1,E$1) -> CHAN_1 | F3: =_xlfn.TEXTJOIN("_",,$A$1,F$1) -> CHAN_2
A4: CROSSECTION | B4: m2 | C4: float | D4: cross section | E4: 5.0265e-05 | F4: 0.00036965
A5: X_barycenter | B5: m | C5: float | D5: x coordinate of the barycenter. Not used if flag ITYMESH = -1 in file conductor_grid. | E5: 0 | F5: 0
A6: Y_barycenter | B6: m | C6: float | D6: y coordinate of the barycenter. Not used if flag ITYMESH = -1 in file conductor_grid. | E6: 0 | F6: 0
A7: FLUID_TYPE | B7: - | C7: string | D7: type of fluid | E7: Helium | F7: Helium
A8: HYDIAMETER | B8: m | C8: float | D8: hydraulic diameter | E8: 0.008 | F8: 0.00032676
A9: Roughness | B9: m | C9: float | D9: channel equivalent roughness | E9: 0 | F9: 0
A10: COSTETA | B10: - | C10: float | D10: angle wrt axis | E10: 1 | F10: 1
A11: VOID_FRACTION | B11: - | C11: float | D11: VIOD FRACTION OF THE CHANNEL = VOID AREA/TOTALAREA OF THE CHANNEL | E11: 1 | F11: 0.313
A12: IFRICTION | B12: - | C12: integer | D12: FLAG FRICTION MODEL | E12: -99 | F12: -99
A13: FRICTION_MULTIPLIER | B13: - | C13: float | D13: multiplier of the friction factor, defined for each channel (For the bundle, | E13: 0.02 | F13: 0.02
A14: ISRECTANGULAR | B14: - | C14: boolean | E14: =FALSE() -> FALSE | F14: =FALSE() -> FALSE
A15: SIDE1 | B15: m | C15: float | E15: 0 | F15: 0
A16: SIDE2 | B16: m | C16: float | E16: 0 | F16: 0
A17: CHANNEL_TYPE | B17: - | C17: string | D17: string that identifies the type of the channel (hole, bundle) | E17: hole | F17: bundle
A18: Flag_htc_steady_corr | B18: - | C18: integer | D18: flag to select the correlation used to evaluate the channel steady state heat transfer coefficient | E18: 1 | F18: 1
A19: Show_fig | B19: - | C19: boolean | D19: flag to show the real time plots of the maximum temperature and of the inlet and outlet mass flow rate of the channel. Possible values True, False; defaults to True. | E19: =FALSE() -> FALSE | F19: =FALSE() -> FALSE

Sheet STACK
A1: STACK | B1: =SUM(E$2:Z2) -> 0 | D1: element of the type "stack" | E1: 0
D2: row used to get the correct number of superconductor strands objects in cell B1 as the sum of values in this row starting from cell D2 | E2: =IF(E$1 > 0,1,0) -> 0
A3: =CHAN!A3 -> Variable name | B3: =CHAN!B3 -> Unit | C3: =CHAN!C3 -> Variable type | D3: =CHAN!D3 -> Note/comments | E3: =_xlfn.TEXTJOIN("_",,$A$1,E$1) -> STACK_0
A4: CROSSECTION | B4: m2 | C4: float | D4: cross section | E4: 0
A5: X_barycenter | B5: m | C5: float | D5: x coordinate of the barycenter. Not used if flag ITYMESH = -1 in file conductor_grid. | E5: 0
A6: Y_barycenter | B6: m | C6: float | D6: y coordinate of the barycenter. Not used if flag ITYMESH = -1 in file conductor_grid. | E6: 0
A7: COSTETA | B7: - | C7: float | D7: angle wrt axis | E7: 0.9699
A8: Tape_number | B8: - | C8: int | D8: Number of tapes constituting the stack | E8: 1
A9: Stack_witdh | B9: m | C9: float | D9: Width of the stack of tapes
A10: Stabilizer_thickness | B10: m | C10: float | D10: Total thickness of the stabilizer layer; set to 0 if no stabilizer.
A11: Overlayer_thickness | B11: m | C11: float | D11: Total thickness of the overlayer layer; set to 0 if no overlayer.
A12: HTS_thickness | B12: m | C12: float | D12: Total thickness of the HTS layer.
A13: Substrate_thickness | B13: m | C13: float | D13: Total thickness of the substrate layer; set to 0 if no substrate.
A14: Solder_thickness | B14: m | C14: float | D14: Total thickness of the solder layer; set to 0 if no solder.
A15: Material_number | B15: - | C15: int | D15: Number of materials constituting the tape.
A16: Stabilizer_material | B16: - | C16: string | D16: Stabilizer material: cu = copper; al = alluminium; none = no stabilizer
A17: Overlayer_material | B17: - | C17: string | D17: Overlayer material: cu = copper; al = alluminium; none = no overlayer
A18: HTS_material | B18: - | C18: string | D18: HTS material: YBCO = REBCO with RE = Yttrium; Bi2223 = 1G material (not available); Bi2212 = 1G material (not available);
A19: Substrate_material | B19: - | C19: string | D19: Substrate material: hc276 = hastelloy 276; none = no substrate
A20: Solder_material | B20: - | C20: string | D20: Stabilizer material: Sn60Pb40 = solder alloy 60% tin 40% led ; none = no solder
A21: c0 | B21: AT/m^2 | C21: float | D21: scaling property | E21: 170360000000000
A22: Bc20m | B22: T | C22: float | D22: scaling property | E22: 30.23
A23: Tc0m | B23: K | C23: float | D23: scaling property | E23: 16.73
A24: nn | B24: - | C24: int | D24: Power low exponent assumed independent of the temperature, used to evaluate superconducting electrical resistivity. Default to 20. | E24: 20
A25: E0 | B25: V/m | C25: float | D25: Reference electric field for the power law, used to evaluate superconducting electrical resistivity. Defaults to 10^-5 V/m | E25: =10^-5 -> 1e-05
A26: Show_fig | B26: - | C26: boolean | D26: flag to show the real time plots of the maximum temperature strand. Possible values True, False; defaults to True. | E26: =TRUE() -> TRUE

Sheet STR_MIX
A1: STR_MIX | B1: =SUM(E$2:Z2) -> 1 | D1: element of the type "SC+Cu strands" | E1: 1
D2: row used to get the correct number of mixed copper-supeconductor strands objects in cell B1 as the sum of values in this row starting from cell D2 | E2: =IF(E$1 > 0,1,0) -> 1
A3: =CHAN!A3 -> Variable name | B3: =CHAN!B3 -> Unit | C3: =CHAN!C3 -> Variable type | D3: =CHAN!D3 -> Note/comments | E3: =_xlfn.TEXTJOIN("_",,$A$1,E$1) -> STR_MIX_1
A4: CROSSECTION | B4: m2 | C4: float | D4: perpendicular cross section | E4: =(0.00052534+0.00025201)*E7 -> 0.00075395176
A5: X_barycenter | B5: m | C5: float | D5: x coordinate of the barycenter | E5: 0
A6: Y_barycenter | B6: m | C6: float | D6: y coordinate of the barycenter | E6: 0
A7: COSTETA | B7: - | C7: float | D7: angle wrt axis | E7: 0.9699
A8: ISTAB_NON_STAB | B8: - | C8: integer | D8: flag to select the definition of the stabilizer not stabilizer ratio: 0 = definition does not accounts of segregated stabilizer strands; 1 = definition accounts of segregated stabilizer strands . | E8: 1
A9: STAB_NON_STAB | B9: - | C9: float | D9: stabilizer-non stabilizer ratio | E9: 2.0846
A10: NUM_MATERIAL_TYPES | B10: - | C10: integer | D10: number of materials making up the strand | E10: 2
A11: N_sc_strand | B11: - | C11: integer | D11: Number of superconducting strands | E11: 900
A12: d_sc_strand | B12: m | C12: float | D12: Diameter of superconducting strands | E12: =0.000822 -> 0.000822
A13: N_stab_strand | B13: - | C13: integer | D13: Number of stabilizer strands | E13: 522
A14: d_stab_strand | B14: m | C14: float | D14: Diameter of stabilizer strands | E14: =0.000821 -> 0.000821
A15: stabilizer_material | B15: - | C15: string | D15: flag for stabilzer material: Cu = copper; Al = aluminium | E15: Cu
A16: RRR | B16: - | C16: float | D16: triple R for the Copper part | E16: 197.71
A17: superconducting_material | B17: - | C17: string | D17: flag for material: NbTi = niobiun titanium, Nb3Sn = niobium thin, HTS = high critical temperature superconducting material, scaling.dat = scaling from file scaling.dat | E17: Nb3Sn
A18: C0_MODE | B18: - | C18: integer | D18: Flag for the definition scaling coefficient c0: 0 = engineering; 1 = physical; defaults to 0 | E18: 0
A19: c0 | B19: AT/m^2 | C19: float | D19: scaling property | E19: 121508000000
A20: Bc20m | B20: T | C20: float | D20: scaling property | E20: 32.35
A21: Tc0m | B21: K | C21: float | D21: scaling property | E21: 16.22
A22: nn | B22: - | C22: int | D22: Power low exponent assumed independent of the temperature, used to evaluate superconducting electrical resistivity. Default to 20. | E22: 5
A23: E0 | B23: V/m | C23: float | D23: Reference electric field for the power law, used to evaluate superconducting electrical resistivity. Defaults to 10^-5 V/m | E23: =10^-5 -> 1e-05
A24: Show_fig | B24: - | C24: boolean | D24: flag to show the real time plots of the maximum temperature strand. Possible values True, False; defaults to True. | E24: 1

Sheet STR_STAB
A1: STR_STAB | B1: =SUM(E$2:Z2) -> 0 | D1: element of the type "Cu strands" | E1: 0
D2: row used to get the correct number of copper strand objects in cell B1 as the sum of values in this row starting from cell D2 | E2: =IF(E$1 > 0,1,0) -> 0
A3: =CHAN!A3 -> Variable name | B3: =CHAN!B3 -> Unit | C3: =CHAN!C3 -> Variable type | D3: =CHAN!D3 -> Note/comments | E3: =_xlfn.TEXTJOIN("_",,$A$1,E$1) -> STR_STAB_0
A4: CROSSECTION | B4: m2 | C4: float | D4: cross section | E4: 0
A5: X_barycenter | B5: m | C5: float | D5: x coordinate of the barycenter. Not used if flag ITYMESH = -1 in file conductor_grid. | E5: 0
A6: Y_barycenter | B6: m | C6: float | D6: y coordinate of the barycenter. Not used if flag ITYMESH = -1 in file conductor_grid. | E6: 0
A7: COSTETA | B7: - | C7: float | D7: angle wrt axis | E7: 0.9699
A8: stabilizer_material | B8: - | C8: string | D8: flag for stabilzer material: Cu = copper; Al = aluminium | E8: Cu
A9: RRR | B9: - | C9: float | D9: triple R for the Copper part | E9: 100
A10: Show_fig | B10: - | C10: boolean | D10: flag to show the real time plots of the maximum temperature strand. Possible values True, False; defaults to True. | E10: =TRUE() -> TRUE

Sheet Z_JACKET
A1: Z_JACKET | B1: =SUM(E$2:Z2) -> 1 | D1: element of the type "jacket" | E1: 1
D2: row used to get the correct number of jacket objects in cell B1 as the sum of values in this row starting from cell D2 | E2: =IF(E$1 > 0,1,0) -> 1
A3: =CHAN!A3 -> Variable name | B3: =CHAN!B3 -> Unit | C3: =CHAN!C3 -> Variable type | D3: =CHAN!D3 -> Note/comments | E3: =_xlfn.TEXTJOIN("_",,$A$1,E$1) -> Z_JACKET_1
A4: jacket_cross_section | B4: m2 | C4: float | D4: Cross section, pure jacket | E4: =0.00030699 -> 0.00030699
A5: insulation_cross_section | B5: m2 | C5: float | D5: Cross section, insulation around the jacket | E5: 0.00027966
A6: X_barycenter | B6: m | C6: float | D6: x coordinate of the barycenter. Not used if flag ITYMESH = -1 in file conductor_grid. | E6: 0
A7: Y_barycenter | B7: m | C7: float | D7: y coordinate of the barycenter Not used if flag ITYMESH = -1 in file conductor_grid. | E7: 0
A8: Inner_perimeter | B8: m | C8: float | D8: Inner lateral surface per unit length of the jacket | E8: 0.1288
A9: Outer_perimeter | B9: m | C9: float | D9: Outer lateral surface per unit length of the jacket | E9: 0.1357
A10: NUM_MATERIAL_TYPES | B10: - | C10: integer | D10: number of materials making up the jacket | E10: 2
A11: jacket_material | B11: - | C11: string | D11: Flag, ss = steinless steel (old Fortran IJK); none = insulation component | E11: ss
A12: insulation_material | B12: - | C12: string | D12: Flag, ge = glass epoxy; none = pure metal component | E12: ge
A13: COSTETA | B13: - | C13: float | D13: angle wrt axis | E13: 1
A14: Jacket_kind | B14: - | C14: string | D14: kind of jacket: outer_insulation, enclosure, whole_enclosure, spiral, inner_jacket | E14: whole_enclosure
A15: Emissivity | B15: - | C15: float | D15: emissivity of the material | E15: 1
A16: Show_fig | B16: - | C16: boolean | D16: flag to show the real time plots of the maximum temperature jacket. Possible values True, False; defaults to True. | E16: =FALSE() -> FALSE
